{"$schema":"http://schema.management.azure.com/schemas/2015-01-01/deploymentTemplate.json#","contentVersion":"1.0.0.0","parameters":{"factoryName":{"type":"string","metadata":"Data Factory name"},"01DBAPR001":{"type":"string"}},"variables":{"factoryId":"[concat('Microsoft.DataFactory/factories/', parameters('factoryName'))]"},"resources":[{"name":"[concat(parameters('factoryName'), '/AzureSQLMaintenance')]","type":"Microsoft.DataFactory/factories/pipelines","apiVersion":"2018-06-01","properties":{"activities":[{"name":"Stored procedure1","type":"SqlServerStoredProcedure","dependsOn":[],"policy":{"timeout":"7.00:00:00","retry":0,"retryIntervalInSeconds":30,"secureOutput":false,"secureInput":false},"userProperties":[],"typeProperties":{"storedProcedureName":"[[dbo].[AzureSQLMaintenance]","storedProcedureParameters":{"debug":{"value":null,"type":"String"},"LogToTable":{"value":"True","type":"Boolean"},"mode":{"value":null,"type":"String"},"operation":{"value":"All","type":"String"},"RebuildHeaps":{"value":null,"type":"Boolean"},"ResumableIndexRebuild":{"value":null,"type":"Boolean"}}},"linkedServiceName":{"referenceName":"[parameters('01DBAPR001')]","type":"LinkedServiceReference"}}],"policy":{"elapsedTimeMetric":{},"cancelAfter":{}},"annotations":[],"lastPublishTime":"2021-12-15T21:54:15Z"},"dependsOn":[]}]}