{"$schema":"http://schema.management.azure.com/schemas/2015-01-01/deploymentTemplate.json#","contentVersion":"1.0.0.0","parameters":{"factoryName":{"type":"string","metadata":"Data Factory name"},"LS_ASDB_Source":{"type":"string"},"LS_ADLS_Sink":{"type":"string"}},"variables":{"factoryId":"[concat('Microsoft.DataFactory/factories/', parameters('factoryName'))]"},"resources":[{"name":"[concat(parameters('factoryName'), '/RPAPVWStatus')]","type":"Microsoft.DataFactory/factories/pipelines","apiVersion":"2018-06-01","properties":{"activities":[{"name":"PVW Status Query","type":"Copy","dependsOn":[],"policy":{"timeout":"0.12:00:00","retry":0,"retryIntervalInSeconds":30,"secureOutput":false,"secureInput":false},"userProperties":[],"typeProperties":{"source":{"type":"AzureSqlSource","sqlReaderQuery":"SELECT name, displaystatus\nFROM dbo.BPAResource \nWHERE attributeid IN (0, 16, 32)\nORDER BY \n    TRY_CAST(SUBSTRING(name, PATINDEX('%[0-9]%', name), LEN(name)) AS INT)\n","queryTimeout":"02:00:00","isolationLevel":"ReadUncommitted","partitionOption":"None"},"sink":{"type":"ParquetSink","storeSettings":{"type":"AzureBlobFSWriteSettings"},"formatSettings":{"type":"ParquetWriteSettings"}},"enableStaging":false,"translator":{"type":"TabularTranslator","typeConversion":true,"typeConversionSettings":{"allowDataTruncation":true,"treatBooleanAsNumber":false}}},"inputs":[{"referenceName":"DS_RPA_PROD_Source","type":"DatasetReference","parameters":{}}],"outputs":[{"referenceName":"DS_RPA_Alerting","type":"DatasetReference","parameters":{"containername":"rpa-alerting","foldername":"PVWStatus","filename":"PVWStatus.parquet"}}]}],"policy":{"elapsedTimeMetric":{}},"annotations":[],"lastPublishTime":"2025-03-28T13:17:41Z"},"dependsOn":["[concat(variables('factoryId'), '/datasets/DS_RPA_PROD_Source')]","[concat(variables('factoryId'), '/datasets/DS_RPA_Alerting')]"]},{"name":"[concat(parameters('factoryName'), '/DS_RPA_PROD_Source')]","type":"Microsoft.DataFactory/factories/datasets","apiVersion":"2018-06-01","properties":{"linkedServiceName":{"referenceName":"[parameters('LS_ASDB_Source')]","type":"LinkedServiceReference"},"annotations":[],"type":"AzureSqlTable","schema":[],"typeProperties":{}},"dependsOn":[]},{"name":"[concat(parameters('factoryName'), '/DS_RPA_Alerting')]","type":"Microsoft.DataFactory/factories/datasets","apiVersion":"2018-06-01","properties":{"linkedServiceName":{"referenceName":"[parameters('LS_ADLS_Sink')]","type":"LinkedServiceReference"},"parameters":{"containername":{"type":"string","defaultValue":"rpa-alerting"},"foldername":{"type":"string"},"filename":{"type":"string"}},"annotations":[],"type":"Parquet","typeProperties":{"location":{"type":"AzureBlobFSLocation","fileName":{"value":"@dataset().filename","type":"Expression"},"folderPath":{"value":"@dataset().foldername","type":"Expression"},"fileSystem":"rpa-alerting"},"compressionCodec":"snappy"},"schema":[]},"dependsOn":[]}]}