{"$schema":"http://schema.management.azure.com/schemas/2015-01-01/deploymentTemplate.json#","contentVersion":"1.0.0.0","parameters":{"factoryName":{"type":"string","metadata":"Data Factory name"},"LS_ASDB_Source":{"type":"string"},"LS_ADLS_Sink":{"type":"string"}},"variables":{"factoryId":"[concat('Microsoft.DataFactory/factories/', parameters('factoryName'))]"},"resources":[{"name":"[concat(parameters('factoryName'), '/BPAAuditEvents_Pipeline')]","type":"Microsoft.DataFactory/factories/pipelines","apiVersion":"2018-06-01","properties":{"activities":[{"name":"CopyTable","type":"Copy","dependsOn":[],"policy":{"timeout":"0.12:00:00","retry":0,"retryIntervalInSeconds":30,"secureOutput":false,"secureInput":false},"userProperties":[],"typeProperties":{"source":{"type":"AzureSqlSource","sqlReaderQuery":{"value":"SELECT * FROM [dbo].[BPAAuditEvents] WITH (NOLOCK)\nWHERE DATEPART(DAY,[eventdatetime]) =  DATEPART(DAY,GETDATE()-1) ;","type":"Expression"},"queryTimeout":"02:00:00","partitionOption":"None"},"sink":{"type":"ParquetSink","storeSettings":{"type":"AzureBlobFSWriteSettings"},"formatSettings":{"type":"ParquetWriteSettings"}},"enableStaging":false,"dataIntegrationUnits":2,"translator":{"type":"TabularTranslator","typeConversion":true,"typeConversionSettings":{"allowDataTruncation":true,"treatBooleanAsNumber":false}}},"inputs":[{"referenceName":"DS_RPA_PROD_AuditEventData","type":"DatasetReference","parameters":{}}],"outputs":[{"referenceName":"DS_AuditEventData_Sink","type":"DatasetReference","parameters":{}}]}],"policy":{"elapsedTimeMetric":{}},"annotations":[]},"dependsOn":["[concat(variables('factoryId'), '/datasets/DS_RPA_PROD_AuditEventData')]","[concat(variables('factoryId'), '/datasets/DS_AuditEventData_Sink')]"]},{"name":"[concat(parameters('factoryName'), '/DS_RPA_PROD_AuditEventData')]","type":"Microsoft.DataFactory/factories/datasets","apiVersion":"2018-06-01","properties":{"linkedServiceName":{"referenceName":"[parameters('LS_ASDB_Source')]","type":"LinkedServiceReference"},"annotations":[],"type":"AzureSqlTable","schema":[{"name":"eventdatetime","type":"datetime","precision":23,"scale":3},{"name":"eventid","type":"int","precision":10},{"name":"sCode","type":"nvarchar"},{"name":"sNarrative","type":"nvarchar"},{"name":"gSrcUserID","type":"uniqueidentifier"},{"name":"gTgtUserID","type":"uniqueidentifier"},{"name":"gTgtProcID","type":"uniqueidentifier"},{"name":"gTgtResourceID","type":"uniqueidentifier"},{"name":"comments","type":"nvarchar"},{"name":"EditSummary","type":"nvarchar"},{"name":"oldXML","type":"nvarchar"},{"name":"newXML","type":"nvarchar"}],"typeProperties":{"schema":"dbo","table":"BPAAuditEvents"}},"dependsOn":[]},{"name":"[concat(parameters('factoryName'), '/DS_AuditEventData_Sink')]","type":"Microsoft.DataFactory/factories/datasets","apiVersion":"2018-06-01","properties":{"linkedServiceName":{"referenceName":"[parameters('LS_ADLS_Sink')]","type":"LinkedServiceReference"},"annotations":[],"type":"Parquet","typeProperties":{"location":{"type":"AzureBlobFSLocation","fileName":{"value":"@concat(formatDateTime(utcnow(),'yyyy'),'/',formatDateTime(utcnow(),'MM'),'/','BPAAuditEvents','_',formatDateTime(utcnow(),'yyyy_MM_dd'),'.parquet')","type":"Expression"},"folderPath":"BPAAuditEvents","fileSystem":"rpa-autoarchive"},"compressionCodec":"snappy"},"schema":[]},"dependsOn":[]}]}