{"$schema":"http://schema.management.azure.com/schemas/2015-01-01/deploymentTemplate.json#","contentVersion":"1.0.0.0","parameters":{"factoryName":{"type":"string","metadata":"Data Factory name"},"LS_ASDB_Source":{"type":"string"},"LS_ADLS_Sink":{"type":"string"}},"variables":{"factoryId":"[concat('Microsoft.DataFactory/factories/', parameters('factoryName'))]"},"resources":[{"name":"[concat(parameters('factoryName'), '/deltaTableCopy')]","type":"Microsoft.DataFactory/factories/pipelines","apiVersion":"2018-06-01","properties":{"activities":[{"name":"Delta Table List","type":"Lookup","dependsOn":[],"policy":{"timeout":"0.12:00:00","retry":0,"retryIntervalInSeconds":30,"secureOutput":false,"secureInput":false},"userProperties":[],"typeProperties":{"source":{"type":"AzureSqlSource","sqlReaderQuery":"SELECT tablename FROM [BPC].[adf_watermark] WHERE tablename NOT IN ('BPASessionLog_NonUnicode','BPASessionLog_Unicode');","queryTimeout":"02:00:00","partitionOption":"None"},"dataset":{"referenceName":"DS_RPA_PROD_Source","type":"DatasetReference","parameters":{}},"firstRowOnly":false}},{"name":"Process Table Copy","type":"ForEach","dependsOn":[{"activity":"Delta Table List","dependencyConditions":["Succeeded"]}],"userProperties":[],"typeProperties":{"items":{"value":"@activity('Delta Table List').output.value","type":"Expression"},"isSequential":true,"activities":[{"name":"Get Delta Copy Parameters","type":"Lookup","dependsOn":[],"policy":{"timeout":"0.12:00:00","retry":0,"retryIntervalInSeconds":30,"secureOutput":false,"secureInput":false},"userProperties":[],"typeProperties":{"source":{"type":"AzureSqlSource","sqlReaderStoredProcedureName":"[[BPC].[aasp_getCopyDatesDelta4]","storedProcedureParameters":{"maxCount":{"type":"Int32","value":{"value":"@pipeline().globalParameters.deltabatchsize","type":"Expression"}},"tablename":{"type":"String","value":{"value":"@item().tablename","type":"Expression"}}},"queryTimeout":"02:00:00","partitionOption":"None"},"dataset":{"referenceName":"DS_RPA_PROD_Source","type":"DatasetReference","parameters":{}}}},{"name":"Copy Delta Data","type":"Copy","dependsOn":[{"activity":"Get Delta Copy Parameters","dependencyConditions":["Succeeded"]}],"policy":{"timeout":"0.12:00:00","retry":0,"retryIntervalInSeconds":30,"secureOutput":false,"secureInput":false},"userProperties":[],"typeProperties":{"source":{"type":"AzureSqlSource","sqlReaderStoredProcedureName":"[[BPC].[aasp_copyDataDelta]","storedProcedureParameters":{"deltacol":{"type":"String","value":{"value":"@activity('Get Delta Copy Parameters').output.firstRow.deltacol","type":"Expression"}},"maxDate":{"type":"Datetime","value":{"value":"@activity('Get Delta Copy Parameters').output.firstRow.maxDate","type":"Expression"}},"minDate":{"type":"Datetime","value":{"value":"@activity('Get Delta Copy Parameters').output.firstRow.minDate","type":"Expression"}},"tableName":{"type":"String","value":{"value":"@activity('Get Delta Copy Parameters').output.firstRow.tableName","type":"Expression"}}},"queryTimeout":"02:00:00","partitionOption":"None"},"sink":{"type":"ParquetSink","storeSettings":{"type":"AzureBlobFSWriteSettings"},"formatSettings":{"type":"ParquetWriteSettings"}},"enableStaging":false,"translator":{"type":"TabularTranslator","typeConversion":true,"typeConversionSettings":{"allowDataTruncation":true,"treatBooleanAsNumber":false}}},"inputs":[{"referenceName":"DS_RPA_PROD_Source","type":"DatasetReference","parameters":{}}],"outputs":[{"referenceName":"DS_DeltaTableCopy_Sink","type":"DatasetReference","parameters":{"container":{"value":"@concat(pipeline().globalParameters.containername,'/',\npipeline().globalParameters.deltacontainer)\n","type":"Expression"},"directory":{"value":"@item().tableName","type":"Expression"},"filename":{"value":"@concat(item().tableName,'_',formatDateTime(utcNow(),'yyyy_MM_dd'),'.parquet')","type":"Expression"}}}]},{"name":"Update Watermark Table","type":"SqlServerStoredProcedure","dependsOn":[{"activity":"Copy Delta Data","dependencyConditions":["Succeeded"]}],"policy":{"timeout":"0.12:00:00","retry":0,"retryIntervalInSeconds":30,"secureOutput":false,"secureInput":false},"userProperties":[],"typeProperties":{"storedProcedureName":"[[BPC].[aasp_Update_adf_watermark_delta]","storedProcedureParameters":{"last_processed_date":{"value":{"value":"@activity('Get Delta Copy Parameters').output.firstRow.maxDate\n\n\n\t","type":"Expression"},"type":"Datetime"},"tablename":{"value":{"value":"@activity('Get Delta Copy Parameters').output.firstRow.tableName\r\n\t\r\n\t","type":"Expression"},"type":"String"}}},"linkedServiceName":{"referenceName":"[parameters('LS_ASDB_Source')]","type":"LinkedServiceReference"}}]}}],"policy":{"elapsedTimeMetric":{}},"variables":{"tablename":{"type":"String"}},"annotations":[],"lastPublishTime":"2024-11-11T18:36:57Z"},"dependsOn":["[concat(variables('factoryId'), '/datasets/DS_RPA_PROD_Source')]","[concat(variables('factoryId'), '/datasets/DS_DeltaTableCopy_Sink')]"]},{"name":"[concat(parameters('factoryName'), '/DS_RPA_PROD_Source')]","type":"Microsoft.DataFactory/factories/datasets","apiVersion":"2018-06-01","properties":{"linkedServiceName":{"referenceName":"[parameters('LS_ASDB_Source')]","type":"LinkedServiceReference"},"annotations":[],"type":"AzureSqlTable","schema":[],"typeProperties":{}},"dependsOn":[]},{"name":"[concat(parameters('factoryName'), '/DS_DeltaTableCopy_Sink')]","type":"Microsoft.DataFactory/factories/datasets","apiVersion":"2018-06-01","properties":{"linkedServiceName":{"referenceName":"[parameters('LS_ADLS_Sink')]","type":"LinkedServiceReference"},"parameters":{"container":{"type":"string"},"directory":{"type":"string"},"filename":{"type":"string"}},"annotations":[],"type":"Parquet","typeProperties":{"location":{"type":"AzureBlobFSLocation","fileName":{"value":"@concat(formatDateTime(utcNow(),'yyyy'),'/',formatDateTime(utcnow(),'MM'),'/',dataset().filename)\n\n","type":"Expression"},"folderPath":{"value":"@dataset().directory","type":"Expression"},"fileSystem":{"value":"@dataset().container","type":"Expression"}},"compressionCodec":"snappy"},"schema":[{"name":"eventdatetime","type":"INT96"},{"name":"eventid","type":"INT32"},{"name":"sCode","type":"UTF8"},{"name":"sNarrative","type":"UTF8"},{"name":"gSrcUserID","type":"UTF8"},{"name":"gTgtUserID","type":"UTF8"},{"name":"gTgtProcID","type":"UTF8"},{"name":"gTgtResourceID","type":"UTF8"},{"name":"comments","type":"UTF8"},{"name":"EditSummary","type":"UTF8"},{"name":"oldXML","type":"UTF8"},{"name":"newXML","type":"UTF8"}]},"dependsOn":[]}]}