{"$schema":"http://schema.management.azure.com/schemas/2015-01-01/deploymentTemplate.json#","contentVersion":"1.0.0.0","parameters":{"factoryName":{"type":"string","metadata":"Data Factory name"},"LS_ASDB_Source":{"type":"string"},"LS_ADLS_Sink":{"type":"string"}},"variables":{"factoryId":"[concat('Microsoft.DataFactory/factories/', parameters('factoryName'))]"},"resources":[{"name":"[concat(parameters('factoryName'), '/PL_Master_Pipeline')]","type":"Microsoft.DataFactory/factories/pipelines","apiVersion":"2018-06-01","properties":{"activities":[{"name":"Load Multiple Tables","type":"ExecutePipeline","dependsOn":[],"policy":{"secureInput":false},"userProperties":[],"typeProperties":{"pipeline":{"referenceName":"Load_Multiple_Tables_Pipeline","type":"PipelineReference"},"waitOnCompletion":true,"parameters":{}}},{"name":"WQI_Unfinished","type":"ExecutePipeline","dependsOn":[{"activity":"Load Multiple Tables","dependencyConditions":["Completed"]}],"policy":{"secureInput":false},"userProperties":[],"typeProperties":{"pipeline":{"referenceName":"WQI_Unfinished_Pipeline","type":"PipelineReference"},"waitOnCompletion":true,"parameters":{}}},{"name":"WQI_Finished","type":"ExecutePipeline","dependsOn":[{"activity":"WQI_Unfinished","dependencyConditions":["Completed"]}],"policy":{"secureInput":false},"userProperties":[],"typeProperties":{"pipeline":{"referenceName":"WQI_Finished_Incremental_Pipeline","type":"PipelineReference"},"waitOnCompletion":true,"parameters":{}}},{"name":"SessionLog_Incremental_Pipeline","type":"ExecutePipeline","dependsOn":[{"activity":"WQI_Finished","dependencyConditions":["Completed"]}],"policy":{"secureInput":false},"userProperties":[],"typeProperties":{"pipeline":{"referenceName":"SessionLog_Incremental_Pipeline_XMLCopy","type":"PipelineReference"},"waitOnCompletion":true,"parameters":{}}},{"name":"Load BPAAuditEvents","type":"ExecutePipeline","dependsOn":[{"activity":"SessionLog_Incremental_Pipeline","dependencyConditions":["Completed"]}],"policy":{"secureInput":false},"userProperties":[],"typeProperties":{"pipeline":{"referenceName":"BPAAuditEvents_Incremental_Pipeline","type":"PipelineReference"},"waitOnCompletion":true,"parameters":{}}}],"policy":{"elapsedTimeMetric":{}},"annotations":[],"lastPublishTime":"2023-12-04T12:13:03Z"},"dependsOn":["[concat(variables('factoryId'), '/pipelines/Load_Multiple_Tables_Pipeline')]","[concat(variables('factoryId'), '/pipelines/WQI_Unfinished_Pipeline')]","[concat(variables('factoryId'), '/pipelines/WQI_Finished_Incremental_Pipeline')]","[concat(variables('factoryId'), '/pipelines/SessionLog_Incremental_Pipeline_XMLCopy')]","[concat(variables('factoryId'), '/pipelines/BPAAuditEvents_Incremental_Pipeline')]"]},{"name":"[concat(parameters('factoryName'), '/Load_Multiple_Tables_Pipeline')]","type":"Microsoft.DataFactory/factories/pipelines","apiVersion":"2018-06-01","properties":{"activities":[{"name":"List of Tables","type":"Lookup","dependsOn":[],"policy":{"timeout":"0.12:00:00","retry":0,"retryIntervalInSeconds":30,"secureOutput":false,"secureInput":false},"userProperties":[],"typeProperties":{"source":{"type":"AzureSqlSource","sqlReaderQuery":"SELECT * \nFROM BPC.adf_configtable\nWHERE sourcetable <> 'BPAAuditEvents';","queryTimeout":"02:00:00","isolationLevel":"ReadUncommitted","partitionOption":"None"},"dataset":{"referenceName":"DS_RPA_PROD_LK","type":"DatasetReference","parameters":{}},"firstRowOnly":false}},{"name":"ForEach_for_Tables","type":"ForEach","dependsOn":[{"activity":"List of Tables","dependencyConditions":["Succeeded"]}],"userProperties":[],"typeProperties":{"items":{"value":"@activity('List of Tables').output.value","type":"Expression"},"isSequential":true,"activities":[{"name":"CopyEachTable","type":"Copy","dependsOn":[],"policy":{"timeout":"0.12:00:00","retry":0,"retryIntervalInSeconds":30,"secureOutput":false,"secureInput":false},"userProperties":[],"typeProperties":{"source":{"type":"AzureSqlSource","queryTimeout":"02:00:00","isolationLevel":"ReadUncommitted","partitionOption":"None"},"sink":{"type":"ParquetSink","storeSettings":{"type":"AzureBlobFSWriteSettings"},"formatSettings":{"type":"ParquetWriteSettings"}},"enableStaging":false,"dataIntegrationUnits":2,"translator":{"type":"TabularTranslator","typeConversion":true,"typeConversionSettings":{"allowDataTruncation":true,"treatBooleanAsNumber":false}}},"inputs":[{"referenceName":"DS_RPA_PROD_Copy","type":"DatasetReference","parameters":{"ds_param_schema":{"value":"@item().sourceschema","type":"Expression"},"ds_para_table":{"value":"@item().sourcetable","type":"Expression"}}}],"outputs":[{"referenceName":"DS_MultipleTableSink","type":"DatasetReference","parameters":{"ds_param_folder":{"value":"@item().sinkfolder","type":"Expression"},"containername":"rpa-autoarchive"}}]}]}}],"policy":{"elapsedTimeMetric":{}},"folder":{"name":"AutoArchiveSolution Pipelines"},"annotations":[],"lastPublishTime":"2023-11-14T17:20:41Z"},"dependsOn":["[concat(variables('factoryId'), '/datasets/DS_RPA_PROD_LK')]","[concat(variables('factoryId'), '/datasets/DS_RPA_PROD_Copy')]","[concat(variables('factoryId'), '/datasets/DS_MultipleTableSink')]"]},{"name":"[concat(parameters('factoryName'), '/WQI_Unfinished_Pipeline')]","type":"Microsoft.DataFactory/factories/pipelines","apiVersion":"2018-06-01","properties":{"activities":[{"name":"Copy Unfinished WorkQueueItem","type":"Copy","dependsOn":[],"policy":{"timeout":"0.12:00:00","retry":0,"retryIntervalInSeconds":30,"secureOutput":false,"secureInput":false},"userProperties":[],"typeProperties":{"source":{"type":"AzureSqlSource","sqlReaderQuery":"  SELECT *\n  FROM [dbo].[BPAWorkQueueItem] \n  WHERE finished IS NULL","queryTimeout":"02:00:00","partitionOption":"None"},"sink":{"type":"ParquetSink","storeSettings":{"type":"AzureBlobFSWriteSettings"},"formatSettings":{"type":"ParquetWriteSettings"}},"enableStaging":false,"dataIntegrationUnits":2,"translator":{"type":"TabularTranslator","typeConversion":true,"typeConversionSettings":{"allowDataTruncation":true,"treatBooleanAsNumber":false}}},"inputs":[{"referenceName":"DS_RPA_PROD_Source","type":"DatasetReference","parameters":{}}],"outputs":[{"referenceName":"DS_AutoArchiveSinkUnfinished","type":"DatasetReference","parameters":{"containername":"@pipeline().globalParameters.containername"}}]}],"policy":{"elapsedTimeMetric":{}},"folder":{"name":"AutoArchiveSolution Pipelines"},"annotations":[],"lastPublishTime":"2023-11-14T17:20:42Z"},"dependsOn":["[concat(variables('factoryId'), '/datasets/DS_RPA_PROD_Source')]","[concat(variables('factoryId'), '/datasets/DS_AutoArchiveSinkUnfinished')]"]},{"name":"[concat(parameters('factoryName'), '/WQI_Finished_Incremental_Pipeline')]","type":"Microsoft.DataFactory/factories/pipelines","apiVersion":"2018-06-01","properties":{"activities":[{"name":"Lookup_GetMaxDate","type":"Lookup","dependsOn":[],"policy":{"timeout":"0.12:00:00","retry":0,"retryIntervalInSeconds":30,"secureOutput":false,"secureInput":false},"userProperties":[],"typeProperties":{"source":{"type":"AzureSqlSource","sqlReaderQuery":"SELECT  MAX(finished) as finished\nFROM BPAWorkQueueItem;","queryTimeout":"02:00:00","isolationLevel":"ReadUncommitted","partitionOption":"None"},"dataset":{"referenceName":"DS_ASDB_GetMaxDate","type":"DatasetReference","parameters":{}}}},{"name":"Lookup_Last_Processed_Date","type":"Lookup","dependsOn":[],"policy":{"timeout":"0.12:00:00","retry":0,"retryIntervalInSeconds":30,"secureOutput":false,"secureInput":false},"userProperties":[],"typeProperties":{"source":{"type":"AzureSqlSource","sqlReaderQuery":"SELECT * FROM BPC.adf_watermark WHERE tablename = 'BPAWorkQueueItem';","queryTimeout":"02:00:00","isolationLevel":"ReadUncommitted","partitionOption":"None"},"dataset":{"referenceName":"DS_ASDB_LP_Date","type":"DatasetReference","parameters":{}}}},{"name":"Copy Finished WorkQueueItem","type":"Copy","dependsOn":[{"activity":"Lookup_GetMaxDate","dependencyConditions":["Succeeded"]},{"activity":"Lookup_Last_Processed_Date","dependencyConditions":["Succeeded"]}],"policy":{"timeout":"0.12:00:00","retry":0,"retryIntervalInSeconds":30,"secureOutput":false,"secureInput":false},"userProperties":[],"typeProperties":{"source":{"type":"AzureSqlSource","sqlReaderQuery":{"value":"SELECT * \nFROM BPAWorkQueueItem\nWHERE finished is not null \n\t  AND finished > '@{activity('Lookup_Last_Processed_Date').output.firstRow.last_processed_date}'","type":"Expression"},"queryTimeout":"02:00:00","isolationLevel":"ReadUncommitted","partitionOption":"None"},"sink":{"type":"ParquetSink","storeSettings":{"type":"AzureBlobFSWriteSettings"},"formatSettings":{"type":"ParquetWriteSettings"}},"enableStaging":false,"dataIntegrationUnits":2,"translator":{"type":"TabularTranslator","typeConversion":true,"typeConversionSettings":{"allowDataTruncation":true,"treatBooleanAsNumber":false}}},"inputs":[{"referenceName":"DS_RPA_PROD_Source","type":"DatasetReference","parameters":{}}],"outputs":[{"referenceName":"DS_AutoArchiveSinkFinished","type":"DatasetReference","parameters":{"containername":"@pipeline().globalParameters.containername"}}]},{"name":"Update_WQI_Watermark","type":"SqlServerStoredProcedure","dependsOn":[{"activity":"Copy Finished WorkQueueItem","dependencyConditions":["Succeeded"]}],"policy":{"timeout":"0.12:00:00","retry":0,"retryIntervalInSeconds":30,"secureOutput":false,"secureInput":false},"userProperties":[],"typeProperties":{"storedProcedureName":"BPC.aasp_Update_adf_watermark_WQI","storedProcedureParameters":{"last_processed_date":{"value":{"value":"@activity('Lookup_GetMaxDate').output.firstRow.finished","type":"Expression"},"type":"DateTime"},"tablename":{"value":"BPAWorkQueueItem","type":"String"}}},"linkedServiceName":{"referenceName":"[parameters('LS_ASDB_Source')]","type":"LinkedServiceReference"}}],"policy":{"elapsedTimeMetric":{}},"folder":{"name":"AutoArchiveSolution Pipelines"},"annotations":[],"lastPublishTime":"2023-11-14T17:20:43Z"},"dependsOn":["[concat(variables('factoryId'), '/datasets/DS_ASDB_GetMaxDate')]","[concat(variables('factoryId'), '/datasets/DS_ASDB_LP_Date')]","[concat(variables('factoryId'), '/datasets/DS_RPA_PROD_Source')]","[concat(variables('factoryId'), '/datasets/DS_AutoArchiveSinkFinished')]"]},{"name":"[concat(parameters('factoryName'), '/SessionLog_Incremental_Pipeline_XMLCopy')]","type":"Microsoft.DataFactory/factories/pipelines","apiVersion":"2018-06-01","properties":{"activities":[{"name":"Lookup_Get_Max_Logid","type":"Lookup","dependsOn":[{"activity":"Lookup_Last_Processed_Logid","dependencyConditions":["Succeeded"]}],"policy":{"timeout":"0.12:00:00","retry":0,"retryIntervalInSeconds":30,"secureOutput":false,"secureInput":false},"userProperties":[],"typeProperties":{"source":{"type":"AzureSqlSource","sqlReaderStoredProcedureName":"[[BPC].[adfsp_get_maxlogid]","storedProcedureParameters":{"minlogid":{"type":"Int64","value":{"value":"@activity('Lookup_Last_Processed_Logid').output.firstRow.minlogid","type":"Expression"}},"rowamt":{"type":"Int64","value":{"value":"@pipeline().globalParameters.chunkAmount","type":"Expression"}}},"queryTimeout":"02:00:00","isolationLevel":"ReadUncommitted","partitionOption":"None"},"dataset":{"referenceName":"DS_RPA_PROD_Source","type":"DatasetReference","parameters":{}}}},{"name":"Lookup_Last_Processed_Logid","type":"Lookup","dependsOn":[],"policy":{"timeout":"0.12:00:00","retry":0,"retryIntervalInSeconds":30,"secureOutput":false,"secureInput":false},"userProperties":[],"typeProperties":{"source":{"type":"AzureSqlSource","sqlReaderStoredProcedureName":"[[BPC].[adfsp_get_minlogid]","queryTimeout":"02:00:00","isolationLevel":"ReadUncommitted","partitionOption":"None"},"dataset":{"referenceName":"DS_RPA_PROD_Source","type":"DatasetReference","parameters":{}}}},{"name":"Lookup_Get_XML_DataSize","type":"Lookup","dependsOn":[{"activity":"Lookup_Get_Max_Logid","dependencyConditions":["Succeeded"]}],"policy":{"timeout":"0.12:00:00","retry":0,"retryIntervalInSeconds":30,"secureOutput":false,"secureInput":false},"userProperties":[],"typeProperties":{"source":{"type":"AzureSqlSource","sqlReaderStoredProcedureName":"[[BPC].[aasp_getXMLDataSize]","storedProcedureParameters":{"maxLogid":{"type":"Int64","value":{"value":"@activity('Lookup_Get_Max_Logid').output.firstRow.MaxLogid","type":"Expression"}},"minLogid":{"type":"Int64","value":{"value":"@activity('Lookup_Last_Processed_Logid').output.firstRow.minlogid","type":"Expression"}},"xmlDataThreshold":{"type":"Int64","value":{"value":"@pipeline().globalParameters.xmldatathreshold","type":"Expression"}}},"queryTimeout":"02:00:00","partitionOption":"None"},"dataset":{"referenceName":"DS_RPA_PROD_Source","type":"DatasetReference","parameters":{}},"firstRowOnly":true}},{"name":"Copy_Data","type":"IfCondition","dependsOn":[{"activity":"Lookup_Get_XML_DataSize","dependencyConditions":["Succeeded"]}],"userProperties":[],"typeProperties":{"expression":{"value":"@activity('Lookup_Get_XML_DataSize').output.firstRow.DataSizeStatus","type":"Expression"},"ifFalseActivities":[{"name":"Watermark_Option_Copy_Normal","type":"Copy","dependsOn":[{"activity":"Normal_Data","dependencyConditions":["Succeeded"]}],"policy":{"timeout":"0.12:00:00","retry":0,"retryIntervalInSeconds":30,"secureOutput":false,"secureInput":false},"userProperties":[],"typeProperties":{"source":{"type":"AzureSqlSource","sqlReaderStoredProcedureName":"[[BPC].[adfsp_get_sessionlog_data]","storedProcedureParameters":{"maxlogid":{"type":"Int64","value":{"value":"@activity('Lookup_Get_Max_Logid').output.firstRow.maxlogid","type":"Expression"}},"minlogid":{"type":"Int64","value":{"value":"@activity('Lookup_Last_Processed_Logid').output.firstRow.minlogid","type":"Expression"}}},"queryTimeout":"02:00:00","isolationLevel":"ReadUncommitted","partitionOption":"None"},"sink":{"type":"ParquetSink","storeSettings":{"type":"AzureBlobFSWriteSettings"},"formatSettings":{"type":"ParquetWriteSettings"}},"enableStaging":false,"validateDataConsistency":true,"dataIntegrationUnits":2,"translator":{"type":"TabularTranslator","typeConversion":true,"typeConversionSettings":{"allowDataTruncation":false,"treatBooleanAsNumber":false}}},"inputs":[{"referenceName":"DS_RPA_PROD_Source","type":"DatasetReference","parameters":{}}],"outputs":[{"referenceName":"DS_AutoArchiveSessionlog_Sink","type":"DatasetReference","parameters":{"tableName":"BPASessionlog_NonUnicode","containername":"rpa-autoarchive"}}]},{"name":"Update WatermarkTable_Normal","type":"SqlServerStoredProcedure","dependsOn":[{"activity":"Watermark_Option_Copy_Normal","dependencyConditions":["Succeeded"]}],"policy":{"timeout":"0.12:00:00","retry":0,"retryIntervalInSeconds":30,"secureOutput":false,"secureInput":false},"userProperties":[],"typeProperties":{"storedProcedureName":"[[BPC].[adfsp_update_watermark_sessionlog]","storedProcedureParameters":{"logid":{"value":{"value":"@activity('Lookup_Get_Max_Logid').output.firstRow.maxlogid","type":"Expression"},"type":"Int64"}}},"linkedServiceName":{"referenceName":"[parameters('LS_ASDB_Source')]","type":"LinkedServiceReference"}},{"name":"Normal_Data","type":"Wait","dependsOn":[],"userProperties":[],"typeProperties":{"waitTimeInSeconds":1}}],"ifTrueActivities":[{"name":"Watermark_Option_Copy_LargeXML","type":"Copy","dependsOn":[{"activity":"Large_XML_Data","dependencyConditions":["Succeeded"]}],"policy":{"timeout":"0.12:00:00","retry":0,"retryIntervalInSeconds":30,"secureOutput":false,"secureInput":false},"userProperties":[],"typeProperties":{"source":{"type":"AzureSqlSource","sqlReaderStoredProcedureName":"[[BPC].[adfsp_get_sessionlog_data]","storedProcedureParameters":{"maxlogid":{"type":"Int64","value":{"value":"@activity('Lookup_Get_Max_Logid').output.firstRow.maxlogid","type":"Expression"}},"minlogid":{"type":"Int64","value":{"value":"@activity('Lookup_Last_Processed_Logid').output.firstRow.minlogid","type":"Expression"}}},"queryTimeout":"02:00:00","isolationLevel":"ReadUncommitted","partitionOption":"None"},"sink":{"type":"ParquetSink","storeSettings":{"type":"AzureBlobFSWriteSettings"},"formatSettings":{"type":"ParquetWriteSettings","maxRowsPerFile":{"value":"@pipeline().globalParameters.maxrowsperfile","type":"Expression"},"fileNamePrefix":{"value":"@concat(formatDateTime(utcnow(),'yyyy'),'/',formatDateTime(utcnow(),'MM'),'/BPASessionlog_NonUnicode_',formatDateTime(utcnow(),'yyyy_MM_dd'),'.parquet')\n\n","type":"Expression"}}},"enableStaging":false,"validateDataConsistency":true,"dataIntegrationUnits":2,"translator":{"type":"TabularTranslator","typeConversion":true,"typeConversionSettings":{"allowDataTruncation":false,"treatBooleanAsNumber":false}}},"inputs":[{"referenceName":"DS_RPA_PROD_Source","type":"DatasetReference","parameters":{}}],"outputs":[{"referenceName":"DS_AutoArchiveSessionlog_Sink_MultipleCopy","type":"DatasetReference","parameters":{"tableName":"@pipeline().globalParameters.sessionlogTablename","containername":"@pipeline().globalParameters.containername"}}]},{"name":"Update_WatermarkTable_LargeXML","type":"SqlServerStoredProcedure","dependsOn":[{"activity":"Watermark_Option_Copy_LargeXML","dependencyConditions":["Succeeded"]}],"policy":{"timeout":"0.12:00:00","retry":0,"retryIntervalInSeconds":30,"secureOutput":false,"secureInput":false},"userProperties":[],"typeProperties":{"storedProcedureName":"[[BPC].[adfsp_update_watermark_sessionlog]","storedProcedureParameters":{"logid":{"value":{"value":"@activity('Lookup_Get_Max_Logid').output.firstRow.maxlogid","type":"Expression"},"type":"Int64"}}},"linkedServiceName":{"referenceName":"[parameters('LS_ASDB_Source')]","type":"LinkedServiceReference"}},{"name":"Large_XML_Data","type":"Wait","dependsOn":[],"userProperties":[],"typeProperties":{"waitTimeInSeconds":1}}]}}],"policy":{"elapsedTimeMetric":{}},"folder":{"name":"AutoArchiveSolution Pipelines"},"annotations":[],"lastPublishTime":"2023-12-05T16:42:34Z"},"dependsOn":["[concat(variables('factoryId'), '/datasets/DS_RPA_PROD_Source')]","[concat(variables('factoryId'), '/datasets/DS_AutoArchiveSessionlog_Sink')]","[concat(variables('factoryId'), '/datasets/DS_AutoArchiveSessionlog_Sink_MultipleCopy')]"]},{"name":"[concat(parameters('factoryName'), '/BPAAuditEvents_Incremental_Pipeline')]","type":"Microsoft.DataFactory/factories/pipelines","apiVersion":"2018-06-01","properties":{"activities":[{"name":"Lookup_Get_Copy_Dates","type":"Lookup","dependsOn":[],"policy":{"timeout":"0.12:00:00","retry":0,"retryIntervalInSeconds":30,"secureOutput":false,"secureInput":false},"userProperties":[],"typeProperties":{"source":{"type":"AzureSqlSource","sqlReaderStoredProcedureName":"[[BPC].[aasp_getCopyDatesBPAAuditEvents]","storedProcedureParameters":{"maxCount":{"type":"Int32","value":{"value":"@pipeline().globalParameters.auditeventsbatch","type":"Expression"}}},"queryTimeout":"02:00:00","isolationLevel":"ReadUncommitted","partitionOption":"None"},"dataset":{"referenceName":"DS_RPA_PROD_Source2","type":"DatasetReference","parameters":{}}}},{"name":"Watermark_Option_Copy","type":"Copy","dependsOn":[{"activity":"Lookup_Get_Copy_Dates","dependencyConditions":["Succeeded"]}],"policy":{"timeout":"0.12:00:00","retry":0,"retryIntervalInSeconds":30,"secureOutput":false,"secureInput":false},"userProperties":[],"typeProperties":{"source":{"type":"AzureSqlSource","sqlReaderStoredProcedureName":"BPC.aasp_CopyBPAAuditEventsDelta","storedProcedureParameters":{"maxDate":{"type":"DateTime","value":{"value":"@activity('Lookup_Get_Copy_Dates').output.firstRow.maxDate","type":"Expression"}},"minDate":{"type":"DateTime","value":{"value":"@activity('Lookup_Get_Copy_Dates').output.firstRow.minDate","type":"Expression"}}},"queryTimeout":"02:00:00","isolationLevel":"ReadUncommitted","partitionOption":"None"},"sink":{"type":"ParquetSink","storeSettings":{"type":"AzureBlobFSWriteSettings"},"formatSettings":{"type":"ParquetWriteSettings"}},"enableStaging":false,"validateDataConsistency":true,"dataIntegrationUnits":2,"translator":{"type":"TabularTranslator","typeConversion":true,"typeConversionSettings":{"allowDataTruncation":false,"treatBooleanAsNumber":false}}},"inputs":[{"referenceName":"DS_RPA_PROD_Source2","type":"DatasetReference","parameters":{}}],"outputs":[{"referenceName":"DS_AutoArchiveBPAAuditEvents_Sink","type":"DatasetReference","parameters":{"tableName":{"value":"@pipeline().globalParameters.auditevents","type":"Expression"},"containername":{"value":"@pipeline().globalParameters.containername","type":"Expression"}}}]},{"name":"Update WatermarkTable","type":"SqlServerStoredProcedure","dependsOn":[{"activity":"Watermark_Option_Copy","dependencyConditions":["Succeeded"]}],"policy":{"timeout":"0.12:00:00","retry":0,"retryIntervalInSeconds":30,"secureOutput":false,"secureInput":false},"userProperties":[],"typeProperties":{"storedProcedureName":"[[BPC].[adfsp_update_watermark_AuditEvents]","storedProcedureParameters":{"copiedDate":{"value":{"value":"@activity('Lookup_Get_Copy_Dates').output.firstRow.maxDate","type":"Expression"},"type":"DateTime"}}},"linkedServiceName":{"referenceName":"[parameters('LS_ASDB_Source')]","type":"LinkedServiceReference"}}],"policy":{"elapsedTimeMetric":{}},"folder":{"name":"AutoArchiveSolution Pipelines"},"annotations":[],"lastPublishTime":"2024-04-18T16:46:30Z"},"dependsOn":["[concat(variables('factoryId'), '/datasets/DS_RPA_PROD_Source2')]","[concat(variables('factoryId'), '/datasets/DS_AutoArchiveBPAAuditEvents_Sink')]"]},{"name":"[concat(parameters('factoryName'), '/DS_RPA_PROD_LK')]","type":"Microsoft.DataFactory/factories/datasets","apiVersion":"2018-06-01","properties":{"linkedServiceName":{"referenceName":"[parameters('LS_ASDB_Source')]","type":"LinkedServiceReference"},"annotations":[],"type":"AzureSqlTable","schema":[],"typeProperties":{}},"dependsOn":[]},{"name":"[concat(parameters('factoryName'), '/DS_RPA_PROD_Source')]","type":"Microsoft.DataFactory/factories/datasets","apiVersion":"2018-06-01","properties":{"linkedServiceName":{"referenceName":"[parameters('LS_ASDB_Source')]","type":"LinkedServiceReference"},"annotations":[],"type":"AzureSqlTable","schema":[],"typeProperties":{}},"dependsOn":[]},{"name":"[concat(parameters('factoryName'), '/DS_AutoArchiveSinkUnfinished')]","type":"Microsoft.DataFactory/factories/datasets","apiVersion":"2018-06-01","properties":{"linkedServiceName":{"referenceName":"[parameters('LS_ADLS_Sink')]","type":"LinkedServiceReference"},"parameters":{"containername":{"type":"string","defaultValue":"rpa-autoarchive"}},"annotations":[],"type":"Parquet","typeProperties":{"location":{"type":"AzureBlobFSLocation","fileName":{"value":"@concat('BPAWorkQueueItem_unfinished.parquet')","type":"Expression"},"folderPath":{"value":"@concat('BPAWorkQueueItem','/','UnFinished')","type":"Expression"},"fileSystem":{"value":"@dataset().containername","type":"Expression"}},"compressionCodec":"snappy"},"schema":[]},"dependsOn":[]},{"name":"[concat(parameters('factoryName'), '/DS_ASDB_GetMaxDate')]","type":"Microsoft.DataFactory/factories/datasets","apiVersion":"2018-06-01","properties":{"linkedServiceName":{"referenceName":"[parameters('LS_ASDB_Source')]","type":"LinkedServiceReference"},"annotations":[],"type":"AzureSqlTable","schema":[],"typeProperties":{}},"dependsOn":[]},{"name":"[concat(parameters('factoryName'), '/DS_ASDB_LP_Date')]","type":"Microsoft.DataFactory/factories/datasets","apiVersion":"2018-06-01","properties":{"linkedServiceName":{"referenceName":"[parameters('LS_ASDB_Source')]","type":"LinkedServiceReference"},"annotations":[],"type":"AzureSqlTable","schema":[],"typeProperties":{}},"dependsOn":[]},{"name":"[concat(parameters('factoryName'), '/DS_AutoArchiveSinkFinished')]","type":"Microsoft.DataFactory/factories/datasets","apiVersion":"2018-06-01","properties":{"linkedServiceName":{"referenceName":"[parameters('LS_ADLS_Sink')]","type":"LinkedServiceReference"},"parameters":{"containername":{"type":"string","defaultValue":"rpa-autoarchive"}},"annotations":[],"type":"Parquet","typeProperties":{"location":{"type":"AzureBlobFSLocation","fileName":{"value":"@concat('BPAWorkQueueItem','_',formatDateTime(utcnow(),'yyyy-MM-dd'),'.parquet')","type":"Expression"},"folderPath":{"value":"@concat('BPAWorkQueueItem','/','Finished','/',formatDateTime(utcnow(),'yyyy'))","type":"Expression"},"fileSystem":{"value":"@dataset().containername","type":"Expression"}},"compressionCodec":"snappy"},"schema":[]},"dependsOn":[]},{"name":"[concat(parameters('factoryName'), '/DS_RPA_PROD_Source2')]","type":"Microsoft.DataFactory/factories/datasets","apiVersion":"2018-06-01","properties":{"linkedServiceName":{"referenceName":"[parameters('LS_ASDB_Source')]","type":"LinkedServiceReference"},"annotations":[],"type":"AzureSqlTable","schema":[],"typeProperties":{}},"dependsOn":[]},{"name":"[concat(parameters('factoryName'), '/DS_AutoArchiveBPAAuditEvents_Sink')]","type":"Microsoft.DataFactory/factories/datasets","apiVersion":"2018-06-01","properties":{"linkedServiceName":{"referenceName":"[parameters('LS_ADLS_Sink')]","type":"LinkedServiceReference"},"parameters":{"tableName":{"type":"string","defaultValue":"BPAAuditEvents"},"containername":{"type":"string","defaultValue":"rpa-autoarchive"}},"annotations":[],"type":"Parquet","typeProperties":{"location":{"type":"AzureBlobFSLocation","fileName":{"value":"@concat(formatDateTime(utcnow(),'yyyy'),'/',formatDateTime(utcnow(),'MM'),'/',dataset().tableName,'_',formatDateTime(utcnow(),'yyyy_MM_dd'),'.parquet')","type":"Expression"},"folderPath":{"value":"@dataset().tableName","type":"Expression"},"fileSystem":{"value":"@dataset().containername","type":"Expression"}},"compressionCodec":"snappy"},"schema":[]},"dependsOn":[]},{"name":"[concat(parameters('factoryName'), '/DS_RPA_PROD_Copy')]","type":"Microsoft.DataFactory/factories/datasets","apiVersion":"2018-06-01","properties":{"linkedServiceName":{"referenceName":"[parameters('LS_ASDB_Source')]","type":"LinkedServiceReference"},"parameters":{"ds_param_schema":{"type":"string"},"ds_para_table":{"type":"string"}},"annotations":[],"type":"AzureSqlTable","schema":[],"typeProperties":{"schema":{"value":"@dataset().ds_param_schema","type":"Expression"},"table":{"value":"@dataset().ds_para_table","type":"Expression"}}},"dependsOn":[]},{"name":"[concat(parameters('factoryName'), '/DS_MultipleTableSink')]","type":"Microsoft.DataFactory/factories/datasets","apiVersion":"2018-06-01","properties":{"linkedServiceName":{"referenceName":"[parameters('LS_ADLS_Sink')]","type":"LinkedServiceReference"},"parameters":{"ds_param_folder":{"type":"string"},"containername":{"type":"string","defaultValue":"rpa-autoarchive"}},"annotations":[],"type":"Parquet","typeProperties":{"location":{"type":"AzureBlobFSLocation","fileName":{"value":"@concat(dataset().ds_param_folder,'.parquet')","type":"Expression"},"folderPath":{"value":"@dataset().ds_param_folder","type":"Expression"},"fileSystem":{"value":"@dataset().containername","type":"Expression"}},"compressionCodec":"snappy"},"schema":[]},"dependsOn":[]},{"name":"[concat(parameters('factoryName'), '/DS_AutoArchiveSessionlog_Sink')]","type":"Microsoft.DataFactory/factories/datasets","apiVersion":"2018-06-01","properties":{"linkedServiceName":{"referenceName":"[parameters('LS_ADLS_Sink')]","type":"LinkedServiceReference"},"parameters":{"tableName":{"type":"string","defaultValue":"BPASessionlog_NonUnicode"},"containername":{"type":"string","defaultValue":"rpa-autoarchive"}},"annotations":[],"type":"Parquet","typeProperties":{"location":{"type":"AzureBlobFSLocation","fileName":{"value":"@concat(formatDateTime(utcnow(),'yyyy'),'/',formatDateTime(utcnow(),'MM'),'/',dataset().tableName,'_',formatDateTime(utcnow(),'yyyy_MM_dd'),'.parquet')","type":"Expression"},"folderPath":{"value":"@dataset().tableName","type":"Expression"},"fileSystem":{"value":"@dataset().containername","type":"Expression"}},"compressionCodec":"snappy"},"schema":[]},"dependsOn":[]},{"name":"[concat(parameters('factoryName'), '/DS_AutoArchiveSessionlog_Sink_MultipleCopy')]","type":"Microsoft.DataFactory/factories/datasets","apiVersion":"2018-06-01","properties":{"linkedServiceName":{"referenceName":"[parameters('LS_ADLS_Sink')]","type":"LinkedServiceReference"},"parameters":{"tableName":{"type":"String","defaultValue":"@pipeline().globalParameters.sessionlogTablename"},"containername":{"type":"string","defaultValue":"@pipeline().globalParameters.containername"}},"annotations":[],"type":"Parquet","typeProperties":{"location":{"type":"AzureBlobFSLocation","folderPath":{"value":"@dataset().tableName","type":"Expression"},"fileSystem":{"value":"@dataset().containername","type":"Expression"}},"compressionCodec":"snappy"},"schema":[]},"dependsOn":[]}]}