{"$schema":"http://schema.management.azure.com/schemas/2015-01-01/deploymentTemplate.json#","contentVersion":"1.0.0.0","parameters":{"factoryName":{"type":"string","metadata":"Data Factory name"},"LS_ASDB_Source":{"type":"string"},"LS_ADLS_Sink":{"type":"string"}},"variables":{"factoryId":"[concat('Microsoft.DataFactory/factories/', parameters('factoryName'))]"},"resources":[{"name":"[concat(parameters('factoryName'), '/Load_Multiple_Tables_Pipeline')]","type":"Microsoft.DataFactory/factories/pipelines","apiVersion":"2018-06-01","properties":{"activities":[{"name":"List of Tables","type":"Lookup","dependsOn":[],"policy":{"timeout":"0.12:00:00","retry":0,"retryIntervalInSeconds":30,"secureOutput":false,"secureInput":false},"userProperties":[],"typeProperties":{"source":{"type":"AzureSqlSource","sqlReaderQuery":"SELECT * \nFROM BPC.adf_configtable\nWHERE sourcetable <> 'BPAAuditEvents';","queryTimeout":"02:00:00","isolationLevel":"ReadUncommitted","partitionOption":"None"},"dataset":{"referenceName":"DS_RPA_PROD_LK","type":"DatasetReference","parameters":{}},"firstRowOnly":false}},{"name":"ForEach_for_Tables","type":"ForEach","dependsOn":[{"activity":"List of Tables","dependencyConditions":["Succeeded"]}],"userProperties":[],"typeProperties":{"items":{"value":"@activity('List of Tables').output.value","type":"Expression"},"isSequential":true,"activities":[{"name":"CopyEachTable","type":"Copy","dependsOn":[],"policy":{"timeout":"0.12:00:00","retry":0,"retryIntervalInSeconds":30,"secureOutput":false,"secureInput":false},"userProperties":[],"typeProperties":{"source":{"type":"AzureSqlSource","queryTimeout":"02:00:00","isolationLevel":"ReadUncommitted","partitionOption":"None"},"sink":{"type":"ParquetSink","storeSettings":{"type":"AzureBlobFSWriteSettings"},"formatSettings":{"type":"ParquetWriteSettings"}},"enableStaging":false,"dataIntegrationUnits":2,"translator":{"type":"TabularTranslator","typeConversion":true,"typeConversionSettings":{"allowDataTruncation":true,"treatBooleanAsNumber":false}}},"inputs":[{"referenceName":"DS_RPA_PROD_Copy","type":"DatasetReference","parameters":{"ds_param_schema":{"value":"@item().sourceschema","type":"Expression"},"ds_para_table":{"value":"@item().sourcetable","type":"Expression"}}}],"outputs":[{"referenceName":"DS_MultipleTableSink","type":"DatasetReference","parameters":{"ds_param_folder":{"value":"@item().sinkfolder","type":"Expression"},"containername":"rpa-autoarchive"}}]}]}}],"policy":{"elapsedTimeMetric":{}},"folder":{"name":"AutoArchiveSolution Pipelines"},"annotations":[],"lastPublishTime":"2023-11-14T17:20:41Z"},"dependsOn":["[concat(variables('factoryId'), '/datasets/DS_RPA_PROD_LK')]","[concat(variables('factoryId'), '/datasets/DS_RPA_PROD_Copy')]","[concat(variables('factoryId'), '/datasets/DS_MultipleTableSink')]"]},{"name":"[concat(parameters('factoryName'), '/DS_RPA_PROD_LK')]","type":"Microsoft.DataFactory/factories/datasets","apiVersion":"2018-06-01","properties":{"linkedServiceName":{"referenceName":"[parameters('LS_ASDB_Source')]","type":"LinkedServiceReference"},"annotations":[],"type":"AzureSqlTable","schema":[],"typeProperties":{}},"dependsOn":[]},{"name":"[concat(parameters('factoryName'), '/DS_RPA_PROD_Copy')]","type":"Microsoft.DataFactory/factories/datasets","apiVersion":"2018-06-01","properties":{"linkedServiceName":{"referenceName":"[parameters('LS_ASDB_Source')]","type":"LinkedServiceReference"},"parameters":{"ds_param_schema":{"type":"string"},"ds_para_table":{"type":"string"}},"annotations":[],"type":"AzureSqlTable","schema":[],"typeProperties":{"schema":{"value":"@dataset().ds_param_schema","type":"Expression"},"table":{"value":"@dataset().ds_para_table","type":"Expression"}}},"dependsOn":[]},{"name":"[concat(parameters('factoryName'), '/DS_MultipleTableSink')]","type":"Microsoft.DataFactory/factories/datasets","apiVersion":"2018-06-01","properties":{"linkedServiceName":{"referenceName":"[parameters('LS_ADLS_Sink')]","type":"LinkedServiceReference"},"parameters":{"ds_param_folder":{"type":"string"},"containername":{"type":"string","defaultValue":"rpa-autoarchive"}},"annotations":[],"type":"Parquet","typeProperties":{"location":{"type":"AzureBlobFSLocation","fileName":{"value":"@concat(dataset().ds_param_folder,'.parquet')","type":"Expression"},"folderPath":{"value":"@dataset().ds_param_folder","type":"Expression"},"fileSystem":{"value":"@dataset().containername","type":"Expression"}},"compressionCodec":"snappy"},"schema":[]},"dependsOn":[]}]}