{"$schema":"http://schema.management.azure.com/schemas/2015-01-01/deploymentTemplate.json#","contentVersion":"1.0.0.0","parameters":{"factoryName":{"type":"string","metadata":"Data Factory name"},"LS_ASDB_Source":{"type":"string"},"LS_ADLS_Sink":{"type":"string"}},"variables":{"factoryId":"[concat('Microsoft.DataFactory/factories/', parameters('factoryName'))]"},"resources":[{"name":"[concat(parameters('factoryName'), '/PL_Master_Pipeline')]","type":"Microsoft.DataFactory/factories/pipelines","apiVersion":"2018-06-01","properties":{"activities":[{"name":"Load Multiple Tables","type":"ExecutePipeline","dependsOn":[],"policy":{"secureInput":false},"userProperties":[],"typeProperties":{"pipeline":{"referenceName":"Load_Multiple_Tables_Pipeline","type":"PipelineReference"},"waitOnCompletion":true,"parameters":{}}},{"name":"WQI_Unfinished","type":"ExecutePipeline","dependsOn":[{"activity":"Load Multiple Tables","dependencyConditions":["Completed"]}],"policy":{"secureInput":false},"userProperties":[],"typeProperties":{"pipeline":{"referenceName":"WQI_Unfinished_Pipeline","type":"PipelineReference"},"waitOnCompletion":true,"parameters":{}}},{"name":"WQI_Finished","type":"ExecutePipeline","state":"Inactive","onInactiveMarkAs":"Succeeded","dependsOn":[{"activity":"WQI_Unfinished","dependencyConditions":["Completed"]}],"policy":{"secureInput":false},"userProperties":[],"typeProperties":{"pipeline":{"referenceName":"WQI_Finished_Incremental_Pipeline","type":"PipelineReference"},"waitOnCompletion":true,"parameters":{}}},{"name":"SessionLog_Incremental_Pipeline","type":"ExecutePipeline","dependsOn":[{"activity":"WQI_Finished","dependencyConditions":["Completed"]}],"policy":{"secureInput":false},"userProperties":[],"typeProperties":{"pipeline":{"referenceName":"SessionLog_Incremental_Pipeline","type":"PipelineReference"},"waitOnCompletion":true,"parameters":{}}},{"name":"deltaTableCopy","type":"ExecutePipeline","dependsOn":[{"activity":"SessionLog_Incremental_Pipeline","dependencyConditions":["Succeeded"]}],"policy":{"secureInput":false},"userProperties":[],"typeProperties":{"pipeline":{"referenceName":"deltaTableCopy","type":"PipelineReference"},"waitOnCompletion":true,"parameters":{}}}],"policy":{"elapsedTimeMetric":{}},"annotations":[],"lastPublishTime":"2023-11-14T16:44:26Z"},"dependsOn":["[concat(variables('factoryId'), '/pipelines/Load_Multiple_Tables_Pipeline')]","[concat(variables('factoryId'), '/pipelines/WQI_Unfinished_Pipeline')]","[concat(variables('factoryId'), '/pipelines/WQI_Finished_Incremental_Pipeline')]","[concat(variables('factoryId'), '/pipelines/SessionLog_Incremental_Pipeline')]","[concat(variables('factoryId'), '/pipelines/deltaTableCopy')]"]},{"name":"[concat(parameters('factoryName'), '/Load_Multiple_Tables_Pipeline')]","type":"Microsoft.DataFactory/factories/pipelines","apiVersion":"2018-06-01","properties":{"activities":[{"name":"List of Tables","type":"Lookup","dependsOn":[],"policy":{"timeout":"0.12:00:00","retry":0,"retryIntervalInSeconds":30,"secureOutput":false,"secureInput":false},"userProperties":[],"typeProperties":{"source":{"type":"AzureSqlSource","sqlReaderQuery":"SELECT * \nFROM BPC.adf_configtable;","queryTimeout":"02:00:00","isolationLevel":"ReadUncommitted","partitionOption":"None"},"dataset":{"referenceName":"DS_RPA_PROD_LK","type":"DatasetReference","parameters":{}},"firstRowOnly":false}},{"name":"ForEach_for_Tables","type":"ForEach","dependsOn":[{"activity":"List of Tables","dependencyConditions":["Succeeded"]}],"userProperties":[],"typeProperties":{"items":{"value":"@activity('List of Tables').output.value","type":"Expression"},"isSequential":true,"activities":[{"name":"CopyEachTable","type":"Copy","dependsOn":[],"policy":{"timeout":"0.12:00:00","retry":0,"retryIntervalInSeconds":30,"secureOutput":false,"secureInput":false},"userProperties":[],"typeProperties":{"source":{"type":"AzureSqlSource","queryTimeout":"02:00:00","isolationLevel":"ReadUncommitted","partitionOption":"None"},"sink":{"type":"ParquetSink","storeSettings":{"type":"AzureBlobFSWriteSettings"},"formatSettings":{"type":"ParquetWriteSettings"}},"enableStaging":false,"dataIntegrationUnits":2,"translator":{"type":"TabularTranslator","typeConversion":true,"typeConversionSettings":{"allowDataTruncation":true,"treatBooleanAsNumber":false}}},"inputs":[{"referenceName":"DS_RPA_PROD_Copy","type":"DatasetReference","parameters":{"ds_param_schema":{"value":"@item().sourceschema","type":"Expression"},"ds_para_table":{"value":"@item().sourcetable","type":"Expression"}}}],"outputs":[{"referenceName":"DS_MultipleTableSink","type":"DatasetReference","parameters":{"ds_param_folder":{"value":"@item().sinkfolder","type":"Expression"},"containername":"rpa-autoarchive"}}]}]}}],"policy":{"elapsedTimeMetric":{}},"folder":{"name":"AutoArchiveSolution Pipelines"},"annotations":[],"lastPublishTime":"2023-11-14T16:44:23Z"},"dependsOn":["[concat(variables('factoryId'), '/datasets/DS_RPA_PROD_LK')]","[concat(variables('factoryId'), '/datasets/DS_RPA_PROD_Copy')]","[concat(variables('factoryId'), '/datasets/DS_MultipleTableSink')]"]},{"name":"[concat(parameters('factoryName'), '/WQI_Unfinished_Pipeline')]","type":"Microsoft.DataFactory/factories/pipelines","apiVersion":"2018-06-01","properties":{"activities":[{"name":"Copy Unfinished WorkQueueItem","type":"Copy","dependsOn":[],"policy":{"timeout":"0.12:00:00","retry":0,"retryIntervalInSeconds":30,"secureOutput":false,"secureInput":false},"userProperties":[],"typeProperties":{"source":{"type":"AzureSqlSource","sqlReaderQuery":"  SELECT *\n  FROM [dbo].[BPAWorkQueueItem] \n  WHERE finished IS NULL","queryTimeout":"02:00:00","partitionOption":"None"},"sink":{"type":"ParquetSink","storeSettings":{"type":"AzureBlobFSWriteSettings"},"formatSettings":{"type":"ParquetWriteSettings"}},"enableStaging":false,"dataIntegrationUnits":2,"translator":{"type":"TabularTranslator","typeConversion":true,"typeConversionSettings":{"allowDataTruncation":true,"treatBooleanAsNumber":false}}},"inputs":[{"referenceName":"DS_RPA_PROD_Source","type":"DatasetReference","parameters":{}}],"outputs":[{"referenceName":"DS_AutoArchiveSinkUnfinished","type":"DatasetReference","parameters":{"containername":"@pipeline().globalParameters.containername"}}]}],"policy":{"elapsedTimeMetric":{}},"folder":{"name":"AutoArchiveSolution Pipelines"},"annotations":[],"lastPublishTime":"2023-11-14T16:44:24Z"},"dependsOn":["[concat(variables('factoryId'), '/datasets/DS_RPA_PROD_Source')]","[concat(variables('factoryId'), '/datasets/DS_AutoArchiveSinkUnfinished')]"]},{"name":"[concat(parameters('factoryName'), '/WQI_Finished_Incremental_Pipeline')]","type":"Microsoft.DataFactory/factories/pipelines","apiVersion":"2018-06-01","properties":{"activities":[{"name":"Lookup_GetMaxDate","type":"Lookup","dependsOn":[],"policy":{"timeout":"0.12:00:00","retry":0,"retryIntervalInSeconds":30,"secureOutput":false,"secureInput":false},"userProperties":[],"typeProperties":{"source":{"type":"AzureSqlSource","sqlReaderQuery":"SELECT  MAX(finished) as finished\nFROM BPAWorkQueueItem;","queryTimeout":"02:00:00","isolationLevel":"ReadUncommitted","partitionOption":"None"},"dataset":{"referenceName":"DS_ASDB_GetMaxDate","type":"DatasetReference","parameters":{}}}},{"name":"Lookup_Last_Processed_Date","type":"Lookup","dependsOn":[],"policy":{"timeout":"0.12:00:00","retry":0,"retryIntervalInSeconds":30,"secureOutput":false,"secureInput":false},"userProperties":[],"typeProperties":{"source":{"type":"AzureSqlSource","sqlReaderQuery":"SELECT * FROM BPC.adf_watermark WHERE tablename = 'BPAWorkQueueItem';","queryTimeout":"02:00:00","isolationLevel":"ReadUncommitted","partitionOption":"None"},"dataset":{"referenceName":"DS_ASDB_LP_Date","type":"DatasetReference","parameters":{}}}},{"name":"Copy Finished WorkQueueItem","type":"Copy","dependsOn":[{"activity":"Lookup_GetMaxDate","dependencyConditions":["Succeeded"]},{"activity":"Lookup_Last_Processed_Date","dependencyConditions":["Succeeded"]}],"policy":{"timeout":"0.12:00:00","retry":0,"retryIntervalInSeconds":30,"secureOutput":false,"secureInput":false},"userProperties":[],"typeProperties":{"source":{"type":"AzureSqlSource","sqlReaderQuery":{"value":"SELECT * \nFROM BPAWorkQueueItem\nWHERE finished is not null \n\t  AND finished > '@{activity('Lookup_Last_Processed_Date').output.firstRow.last_processed_date}'","type":"Expression"},"queryTimeout":"02:00:00","isolationLevel":"ReadUncommitted","partitionOption":"None"},"sink":{"type":"ParquetSink","storeSettings":{"type":"AzureBlobFSWriteSettings"},"formatSettings":{"type":"ParquetWriteSettings"}},"enableStaging":false,"dataIntegrationUnits":2,"translator":{"type":"TabularTranslator","typeConversion":true,"typeConversionSettings":{"allowDataTruncation":true,"treatBooleanAsNumber":false}}},"inputs":[{"referenceName":"DS_RPA_PROD_Source","type":"DatasetReference","parameters":{}}],"outputs":[{"referenceName":"DS_AutoArchiveSinkFinished","type":"DatasetReference","parameters":{"containername":"@pipeline().globalParameters.containername"}}]},{"name":"Update_WQI_Watermark","type":"SqlServerStoredProcedure","dependsOn":[{"activity":"Copy Finished WorkQueueItem","dependencyConditions":["Succeeded"]}],"policy":{"timeout":"0.12:00:00","retry":0,"retryIntervalInSeconds":30,"secureOutput":false,"secureInput":false},"userProperties":[],"typeProperties":{"storedProcedureName":"BPC.aasp_Update_adf_watermark_WQI","storedProcedureParameters":{"last_processed_date":{"value":{"value":"@activity('Lookup_GetMaxDate').output.firstRow.finished","type":"Expression"},"type":"DateTime"},"tablename":{"value":"BPAWorkQueueItem","type":"String"}}},"linkedServiceName":{"referenceName":"[parameters('LS_ASDB_Source')]","type":"LinkedServiceReference"}}],"policy":{"elapsedTimeMetric":{}},"folder":{"name":"AutoArchiveSolution Pipelines"},"annotations":[],"lastPublishTime":"2023-11-14T16:44:25Z"},"dependsOn":["[concat(variables('factoryId'), '/datasets/DS_ASDB_GetMaxDate')]","[concat(variables('factoryId'), '/datasets/DS_ASDB_LP_Date')]","[concat(variables('factoryId'), '/datasets/DS_RPA_PROD_Source')]","[concat(variables('factoryId'), '/datasets/DS_AutoArchiveSinkFinished')]"]},{"name":"[concat(parameters('factoryName'), '/SessionLog_Incremental_Pipeline')]","type":"Microsoft.DataFactory/factories/pipelines","apiVersion":"2018-06-01","properties":{"activities":[{"name":"Lookup_Get_Max_Logid","type":"Lookup","dependsOn":[{"activity":"Lookup_Last_Processed_Logid","dependencyConditions":["Succeeded"]}],"policy":{"timeout":"0.12:00:00","retry":0,"retryIntervalInSeconds":30,"secureOutput":false,"secureInput":false},"userProperties":[],"typeProperties":{"source":{"type":"AzureSqlSource","sqlReaderStoredProcedureName":"[[BPC].[adfsp_get_maxlogid]","storedProcedureParameters":{"minlogid":{"type":"Int64","value":{"value":"@activity('Lookup_Last_Processed_Logid').output.firstRow.minlogid","type":"Expression"}},"rowamt":{"type":"Int64","value":{"value":"@pipeline().globalParameters.chunkAmount","type":"Expression"}}},"queryTimeout":"02:00:00","isolationLevel":"ReadUncommitted","partitionOption":"None"},"dataset":{"referenceName":"DS_RPA_PROD_Source","type":"DatasetReference","parameters":{}}}},{"name":"Lookup_Last_Processed_Logid","type":"Lookup","dependsOn":[],"policy":{"timeout":"0.12:00:00","retry":0,"retryIntervalInSeconds":30,"secureOutput":false,"secureInput":false},"userProperties":[],"typeProperties":{"source":{"type":"AzureSqlSource","sqlReaderStoredProcedureName":"[[BPC].[adfsp_get_minlogid]","queryTimeout":"02:00:00","isolationLevel":"ReadUncommitted","partitionOption":"None"},"dataset":{"referenceName":"DS_RPA_PROD_Source","type":"DatasetReference","parameters":{}}}},{"name":"Watermark_Option_Copy","type":"Copy","dependsOn":[{"activity":"Lookup_Get_Max_Logid","dependencyConditions":["Succeeded"]}],"policy":{"timeout":"0.12:00:00","retry":0,"retryIntervalInSeconds":30,"secureOutput":false,"secureInput":false},"userProperties":[],"typeProperties":{"source":{"type":"AzureSqlSource","sqlReaderStoredProcedureName":"[[BPC].[adfsp_get_sessionlog_data]","storedProcedureParameters":{"maxlogid":{"type":"Int64","value":{"value":"@activity('Lookup_Get_Max_Logid').output.firstRow.maxlogid","type":"Expression"}},"minlogid":{"type":"Int64","value":{"value":"@activity('Lookup_Last_Processed_Logid').output.firstRow.minlogid","type":"Expression"}}},"queryTimeout":"02:00:00","isolationLevel":"ReadUncommitted","partitionOption":"None"},"sink":{"type":"ParquetSink","storeSettings":{"type":"AzureBlobFSWriteSettings"},"formatSettings":{"type":"ParquetWriteSettings"}},"enableStaging":false,"validateDataConsistency":true,"dataIntegrationUnits":2,"translator":{"type":"TabularTranslator","typeConversion":true,"typeConversionSettings":{"allowDataTruncation":false,"treatBooleanAsNumber":false}}},"inputs":[{"referenceName":"DS_RPA_PROD_Source","type":"DatasetReference","parameters":{}}],"outputs":[{"referenceName":"DS_AutoArchiveSessionlog_Sink","type":"DatasetReference","parameters":{"tableName":"@pipeline().globalParameters.sessionlogTablename","containername":"@pipeline().globalParameters.containername"}}]},{"name":"Update WatermarkTable","type":"SqlServerStoredProcedure","dependsOn":[{"activity":"Watermark_Option_Copy","dependencyConditions":["Succeeded"]}],"policy":{"timeout":"0.12:00:00","retry":0,"retryIntervalInSeconds":30,"secureOutput":false,"secureInput":false},"userProperties":[],"typeProperties":{"storedProcedureName":"[[BPC].[adfsp_update_watermark_sessionlog]","storedProcedureParameters":{"logid":{"value":{"value":"@activity('Lookup_Get_Max_Logid').output.firstRow.maxlogid","type":"Expression"},"type":"Int64"}}},"linkedServiceName":{"referenceName":"[parameters('LS_ASDB_Source')]","type":"LinkedServiceReference"}}],"policy":{"elapsedTimeMetric":{}},"folder":{"name":"AutoArchiveSolution Pipelines"},"annotations":[],"lastPublishTime":"2023-11-14T16:44:26Z"},"dependsOn":["[concat(variables('factoryId'), '/datasets/DS_RPA_PROD_Source')]","[concat(variables('factoryId'), '/datasets/DS_AutoArchiveSessionlog_Sink')]"]},{"name":"[concat(parameters('factoryName'), '/deltaTableCopy')]","type":"Microsoft.DataFactory/factories/pipelines","apiVersion":"2018-06-01","properties":{"activities":[{"name":"Delta Table List","type":"Lookup","dependsOn":[],"policy":{"timeout":"0.12:00:00","retry":0,"retryIntervalInSeconds":30,"secureOutput":false,"secureInput":false},"userProperties":[],"typeProperties":{"source":{"type":"AzureSqlSource","sqlReaderQuery":"SELECT tablename FROM [BPC].[adf_watermark] WHERE tablename NOT IN ('BPASessionLog_NonUnicode','BPASessionLog_Unicode');","queryTimeout":"02:00:00","partitionOption":"None"},"dataset":{"referenceName":"DS_RPA_PROD_Source","type":"DatasetReference","parameters":{}},"firstRowOnly":false}},{"name":"Process Table Copy","type":"ForEach","dependsOn":[{"activity":"Delta Table List","dependencyConditions":["Succeeded"]}],"userProperties":[],"typeProperties":{"items":{"value":"@activity('Delta Table List').output.value","type":"Expression"},"isSequential":true,"activities":[{"name":"Get Delta Copy Parameters","type":"Lookup","dependsOn":[],"policy":{"timeout":"0.12:00:00","retry":0,"retryIntervalInSeconds":30,"secureOutput":false,"secureInput":false},"userProperties":[],"typeProperties":{"source":{"type":"AzureSqlSource","sqlReaderStoredProcedureName":"[[BPC].[aasp_getCopyDatesDelta]","storedProcedureParameters":{"maxCount":{"type":"Int32","value":{"value":"@pipeline().globalParameters.deltabatchsize","type":"Expression"}},"tablename":{"type":"String","value":{"value":"@item().tablename","type":"Expression"}}},"queryTimeout":"02:00:00","partitionOption":"None"},"dataset":{"referenceName":"DS_RPA_PROD_Source","type":"DatasetReference","parameters":{}}}},{"name":"Copy Delta Data","type":"Copy","dependsOn":[{"activity":"Get Delta Copy Parameters","dependencyConditions":["Succeeded"]}],"policy":{"timeout":"0.12:00:00","retry":0,"retryIntervalInSeconds":30,"secureOutput":false,"secureInput":false},"userProperties":[],"typeProperties":{"source":{"type":"AzureSqlSource","sqlReaderStoredProcedureName":"[[BPC].[aasp_copyDataDelta]","storedProcedureParameters":{"deltacol":{"type":"String","value":{"value":"@activity('Get Delta Copy Parameters').output.firstRow.deltacol","type":"Expression"}},"maxDate":{"type":"Datetime","value":{"value":"@activity('Get Delta Copy Parameters').output.firstRow.maxDate","type":"Expression"}},"minDate":{"type":"Datetime","value":{"value":"@activity('Get Delta Copy Parameters').output.firstRow.minDate","type":"Expression"}},"tableName":{"type":"String","value":{"value":"@activity('Get Delta Copy Parameters').output.firstRow.tableName","type":"Expression"}}},"queryTimeout":"02:00:00","partitionOption":"None"},"sink":{"type":"ParquetSink","storeSettings":{"type":"AzureBlobFSWriteSettings"},"formatSettings":{"type":"ParquetWriteSettings"}},"enableStaging":false,"translator":{"type":"TabularTranslator","typeConversion":true,"typeConversionSettings":{"allowDataTruncation":true,"treatBooleanAsNumber":false}}},"inputs":[{"referenceName":"DS_RPA_PROD_Source","type":"DatasetReference","parameters":{}}],"outputs":[{"referenceName":"DS_DeltaTableCopy_Sink","type":"DatasetReference","parameters":{"container":{"value":"@concat(pipeline().globalParameters.containername)\n","type":"Expression"},"directory":{"value":"@item().tableName","type":"Expression"},"filename":{"value":"@concat(item().tableName,'_',formatDateTime(utcNow(),'yyyy_MM_dd'),'.parquet')","type":"Expression"}}}]},{"name":"Update Watermark Table","type":"SqlServerStoredProcedure","dependsOn":[{"activity":"Copy Delta Data","dependencyConditions":["Succeeded"]}],"policy":{"timeout":"0.12:00:00","retry":0,"retryIntervalInSeconds":30,"secureOutput":false,"secureInput":false},"userProperties":[],"typeProperties":{"storedProcedureName":"[[BPC].[aasp_Update_adf_watermark_delta]","storedProcedureParameters":{"last_processed_date":{"value":{"value":"@activity('Get Delta Copy Parameters').output.firstRow.maxDate\n\n\n\t","type":"Expression"},"type":"Datetime"},"tablename":{"value":{"value":"@activity('Get Delta Copy Parameters').output.firstRow.tableName\r\n\t\r\n\t","type":"Expression"},"type":"String"}}},"linkedServiceName":{"referenceName":"[parameters('LS_ASDB_Source')]","type":"LinkedServiceReference"}}]}}],"policy":{"elapsedTimeMetric":{}},"variables":{"tablename":{"type":"String"}},"folder":{"name":"AutoArchiveSolution Pipelines"},"annotations":[],"lastPublishTime":"2024-11-22T16:11:41Z"},"dependsOn":["[concat(variables('factoryId'), '/datasets/DS_RPA_PROD_Source')]","[concat(variables('factoryId'), '/datasets/DS_DeltaTableCopy_Sink')]"]},{"name":"[concat(parameters('factoryName'), '/DS_RPA_PROD_LK')]","type":"Microsoft.DataFactory/factories/datasets","apiVersion":"2018-06-01","properties":{"linkedServiceName":{"referenceName":"[parameters('LS_ASDB_Source')]","type":"LinkedServiceReference"},"annotations":[],"type":"AzureSqlTable","schema":[],"typeProperties":{}},"dependsOn":[]},{"name":"[concat(parameters('factoryName'), '/DS_RPA_PROD_Source')]","type":"Microsoft.DataFactory/factories/datasets","apiVersion":"2018-06-01","properties":{"linkedServiceName":{"referenceName":"[parameters('LS_ASDB_Source')]","type":"LinkedServiceReference"},"annotations":[],"type":"AzureSqlTable","schema":[],"typeProperties":{}},"dependsOn":[]},{"name":"[concat(parameters('factoryName'), '/DS_AutoArchiveSinkUnfinished')]","type":"Microsoft.DataFactory/factories/datasets","apiVersion":"2018-06-01","properties":{"linkedServiceName":{"referenceName":"[parameters('LS_ADLS_Sink')]","type":"LinkedServiceReference"},"parameters":{"containername":{"type":"string","defaultValue":"rpa-autoarchive"}},"annotations":[],"type":"Parquet","typeProperties":{"location":{"type":"AzureBlobFSLocation","fileName":{"value":"@concat('BPAWorkQueueItem_unfinished.parquet')","type":"Expression"},"folderPath":{"value":"@concat('BPAWorkQueueItem','/','UnFinished')","type":"Expression"},"fileSystem":{"value":"@dataset().containername","type":"Expression"}},"compressionCodec":"snappy"},"schema":[]},"dependsOn":[]},{"name":"[concat(parameters('factoryName'), '/DS_ASDB_GetMaxDate')]","type":"Microsoft.DataFactory/factories/datasets","apiVersion":"2018-06-01","properties":{"linkedServiceName":{"referenceName":"[parameters('LS_ASDB_Source')]","type":"LinkedServiceReference"},"annotations":[],"type":"AzureSqlTable","schema":[],"typeProperties":{}},"dependsOn":[]},{"name":"[concat(parameters('factoryName'), '/DS_ASDB_LP_Date')]","type":"Microsoft.DataFactory/factories/datasets","apiVersion":"2018-06-01","properties":{"linkedServiceName":{"referenceName":"[parameters('LS_ASDB_Source')]","type":"LinkedServiceReference"},"annotations":[],"type":"AzureSqlTable","schema":[],"typeProperties":{}},"dependsOn":[]},{"name":"[concat(parameters('factoryName'), '/DS_AutoArchiveSinkFinished')]","type":"Microsoft.DataFactory/factories/datasets","apiVersion":"2018-06-01","properties":{"linkedServiceName":{"referenceName":"[parameters('LS_ADLS_Sink')]","type":"LinkedServiceReference"},"parameters":{"containername":{"type":"string","defaultValue":"rpa-autoarchive"}},"annotations":[],"type":"Parquet","typeProperties":{"location":{"type":"AzureBlobFSLocation","fileName":{"value":"@concat('BPAWorkQueueItem','_',formatDateTime(utcnow(),'yyyy-MM-dd'),'.parquet')","type":"Expression"},"folderPath":{"value":"@concat('BPAWorkQueueItem','/','Finished','/',formatDateTime(utcnow(),'yyyy'))","type":"Expression"},"fileSystem":{"value":"@dataset().containername","type":"Expression"}},"compressionCodec":"snappy"},"schema":[]},"dependsOn":[]},{"name":"[concat(parameters('factoryName'), '/DS_AutoArchiveSessionlog_Sink')]","type":"Microsoft.DataFactory/factories/datasets","apiVersion":"2018-06-01","properties":{"linkedServiceName":{"referenceName":"[parameters('LS_ADLS_Sink')]","type":"LinkedServiceReference"},"parameters":{"tableName":{"type":"string","defaultValue":"BPASessionlog_NonUnicode"},"containername":{"type":"string","defaultValue":"rpa-autoarchive"}},"annotations":[],"type":"Parquet","typeProperties":{"location":{"type":"AzureBlobFSLocation","fileName":{"value":"@concat(formatDateTime(utcnow(),'yyyy'),'/',formatDateTime(utcnow(),'MM'),'/',dataset().tableName,'_',formatDateTime(utcnow(),'yyyy_MM_dd'),'.parquet')","type":"Expression"},"folderPath":{"value":"@dataset().tableName","type":"Expression"},"fileSystem":{"value":"@dataset().containername","type":"Expression"}},"compressionCodec":"snappy"},"schema":[]},"dependsOn":[]},{"name":"[concat(parameters('factoryName'), '/DS_RPA_PROD_Copy')]","type":"Microsoft.DataFactory/factories/datasets","apiVersion":"2018-06-01","properties":{"linkedServiceName":{"referenceName":"[parameters('LS_ASDB_Source')]","type":"LinkedServiceReference"},"parameters":{"ds_param_schema":{"type":"string"},"ds_para_table":{"type":"string"}},"annotations":[],"type":"AzureSqlTable","schema":[],"typeProperties":{"schema":{"value":"@dataset().ds_param_schema","type":"Expression"},"table":{"value":"@dataset().ds_para_table","type":"Expression"}}},"dependsOn":[]},{"name":"[concat(parameters('factoryName'), '/DS_MultipleTableSink')]","type":"Microsoft.DataFactory/factories/datasets","apiVersion":"2018-06-01","properties":{"linkedServiceName":{"referenceName":"[parameters('LS_ADLS_Sink')]","type":"LinkedServiceReference"},"parameters":{"ds_param_folder":{"type":"string"},"containername":{"type":"string","defaultValue":"rpa-autoarchive"}},"annotations":[],"type":"Parquet","typeProperties":{"location":{"type":"AzureBlobFSLocation","fileName":{"value":"@concat(dataset().ds_param_folder,'.parquet')","type":"Expression"},"folderPath":{"value":"@dataset().ds_param_folder","type":"Expression"},"fileSystem":{"value":"@dataset().containername","type":"Expression"}},"compressionCodec":"snappy"},"schema":[]},"dependsOn":[]},{"name":"[concat(parameters('factoryName'), '/DS_DeltaTableCopy_Sink')]","type":"Microsoft.DataFactory/factories/datasets","apiVersion":"2018-06-01","properties":{"linkedServiceName":{"referenceName":"[parameters('LS_ADLS_Sink')]","type":"LinkedServiceReference"},"parameters":{"container":{"type":"string"},"directory":{"type":"string"},"filename":{"type":"string"}},"annotations":[],"type":"Parquet","typeProperties":{"location":{"type":"AzureBlobFSLocation","fileName":{"value":"@concat(formatDateTime(utcNow(),'yyyy'),'/',formatDateTime(utcnow(),'MM'),'/',dataset().filename)\n\n","type":"Expression"},"folderPath":{"value":"@dataset().directory","type":"Expression"},"fileSystem":{"value":"@dataset().container","type":"Expression"}},"compressionCodec":"snappy"},"schema":[{"name":"eventdatetime","type":"INT96"},{"name":"eventid","type":"INT32"},{"name":"sCode","type":"UTF8"},{"name":"sNarrative","type":"UTF8"},{"name":"gSrcUserID","type":"UTF8"},{"name":"gTgtUserID","type":"UTF8"},{"name":"gTgtProcID","type":"UTF8"},{"name":"gTgtResourceID","type":"UTF8"},{"name":"comments","type":"UTF8"},{"name":"EditSummary","type":"UTF8"},{"name":"oldXML","type":"UTF8"},{"name":"newXML","type":"UTF8"}]},"dependsOn":[]}]}