{"$schema":"http://schema.management.azure.com/schemas/2015-01-01/deploymentTemplate.json#","contentVersion":"1.0.0.0","parameters":{"factoryName":{"type":"string","metadata":"Data Factory name"},"LS_ASDB_Source":{"type":"string"},"LS_ADLS_Sink":{"type":"string"}},"variables":{"factoryId":"[concat('Microsoft.DataFactory/factories/', parameters('factoryName'))]"},"resources":[{"name":"[concat(parameters('factoryName'), '/RPAScheduleFailures')]","type":"Microsoft.DataFactory/factories/pipelines","apiVersion":"2018-06-01","properties":{"activities":[{"name":"GetScheduleFailures","type":"Copy","dependsOn":[],"policy":{"timeout":"0.12:00:00","retry":0,"retryIntervalInSeconds":30,"secureOutput":false,"secureInput":false},"userProperties":[],"typeProperties":{"source":{"type":"AzureSqlSource","sqlReaderQuery":"DECLARE @minDateTime DATETIME = DATEADD(HOUR, -1, GETDATE())\n\n\n-- get scheduler-failed schedules\nSELECT\n   s.id AS id\n  --,sl.id AS scheduleLogId\n  ,s.name AS name\n  ,s.deletedname AS deletedName\n  ,s.description AS description\n  ,s.retired AS retired\n  ,sl.instancetime AS instanceTime\n  ,sl.servername AS runtimeResource\n  ,'Scheduler Error' AS errorType\n  ,CASE\n    WHEN sl.firereason = 0 THEN 'Normal scheduler execution'\n    WHEN sl.firereason = 1 THEN 'Missed while scheduler not running'\n    WHEN sl.firereason = 2 THEN 'Missed while timezone changing'\n    ELSE 'Missed due to indeterminate failure'\n   END AS errorReason\nFROM BPAScheduleLog sl\n  INNER JOIN BPASchedule s ON s.id = sl.scheduleid\nWHERE sl.firereason > 0\n  AND sl.instancetime >= @minDateTime\n\nUNION\n\n-- get environment-failed schedules\nSELECT\n   s.id AS id\n  --,sl.id AS scheduleLogId\n  ,s.name AS name\n  ,s.deletedname AS deletedName\n  ,s.description AS description\n  ,s.retired AS retired\n  ,sl.instancetime AS instanceTime\n  ,sl.servername AS runtimeResource\n  ,'Environment Error' AS errorType\n  ,sle.terminationreason AS errorMessage\nFROM BPAScheduleLog sl\nINNER JOIN BPAScheduleLogEntry sle ON sle.schedulelogid = sl.id\nINNER JOIN BPASchedule s ON s.id = sl.scheduleid\nWHERE sl.firereason = 0\n  AND instancetime >= @minDateTime\n  AND sle.terminationreason IS NOT NULL\n  AND sle.taskid IS NOT NULL\n  AND sle.schedulelogid NOT IN (\n    SELECT sle.schedulelogid\n    FROM BPAScheduleLog sl\n    INNER JOIN BPAScheduleLogEntry sle ON sle.schedulelogid = sl.id\n    WHERE sl.firereason = 0\n      AND instancetime >= @minDateTime\n      AND sle.terminationreason IS NOT NULL\n      AND sle.logsessionnumber IS NOT NULL\n  )\n\n UNION\n\n -- get process-failed schedules\n SELECT\n   s.id AS id\n  --,sl.id AS scheduleLogId\n  ,s.name AS name\n  ,s.deletedname AS deletedName\n  ,s.description AS description\n  ,s.retired AS retired\n  ,sl.instancetime AS instanceTime\n  ,sl.servername AS runtimeResource\n  ,'Process Error' AS errorType\n  ,sel.result AS errorMessage\nFROM BPAScheduleLog sl\n  INNER JOIN BPAScheduleLogEntry sle ON sle.schedulelogid = sl.id\n  INNER JOIN BPASessionLog_NonUnicode sel ON sel.sessionnumber = sle.logsessionnumber\n  INNER JOIN BPASchedule s ON s.id = sl.scheduleid\nWHERE sl.firereason = 0\n  AND instancetime >= @minDateTime\n  AND sle.terminationreason IS NOT NULL\n  AND sle.logsessionnumber IS NOT NULL\n  AND sel.result IS NOT NULL\n  AND sel.logid IN (\n    SELECT\n      MAX(sel.logid) AS logId\n    FROM BPAScheduleLog sl\n      INNER JOIN BPAScheduleLogEntry sle ON sle.schedulelogid = sl.id\n      INNER JOIN BPASessionLog_NonUnicode sel ON sel.sessionnumber = sle.logsessionnumber\n      INNER JOIN BPASchedule s ON s.id = sl.scheduleid\n    WHERE sl.firereason = 0\n      AND instancetime >= @minDateTime\n      AND sle.terminationreason IS NOT NULL\n      AND sle.logsessionnumber IS NOT NULL\n      AND sel.result IS NOT NULL\n    GROUP BY sl.id\n  );","queryTimeout":"02:00:00","isolationLevel":"ReadUncommitted","partitionOption":"None"},"sink":{"type":"ParquetSink","storeSettings":{"type":"AzureBlobFSWriteSettings"},"formatSettings":{"type":"ParquetWriteSettings"}},"enableStaging":false,"dataIntegrationUnits":4,"translator":{"type":"TabularTranslator","typeConversion":true,"typeConversionSettings":{"allowDataTruncation":true,"treatBooleanAsNumber":false}}},"inputs":[{"referenceName":"DS_RPA_PROD_Source","type":"DatasetReference","parameters":{}}],"outputs":[{"referenceName":"DS_RPA_Alerting","type":"DatasetReference","parameters":{"containername":"rpa-alerting","foldername":"ScheduleErrors","filename":"ScheduleErrors.parquet"}}]}],"policy":{"elapsedTimeMetric":{}},"annotations":[],"lastPublishTime":"2025-03-28T12:49:18Z"},"dependsOn":["[concat(variables('factoryId'), '/datasets/DS_RPA_PROD_Source')]","[concat(variables('factoryId'), '/datasets/DS_RPA_Alerting')]"]},{"name":"[concat(parameters('factoryName'), '/DS_RPA_PROD_Source')]","type":"Microsoft.DataFactory/factories/datasets","apiVersion":"2018-06-01","properties":{"linkedServiceName":{"referenceName":"[parameters('LS_ASDB_Source')]","type":"LinkedServiceReference"},"annotations":[],"type":"AzureSqlTable","schema":[],"typeProperties":{}},"dependsOn":[]},{"name":"[concat(parameters('factoryName'), '/DS_RPA_Alerting')]","type":"Microsoft.DataFactory/factories/datasets","apiVersion":"2018-06-01","properties":{"linkedServiceName":{"referenceName":"[parameters('LS_ADLS_Sink')]","type":"LinkedServiceReference"},"parameters":{"containername":{"type":"string","defaultValue":"rpa-alerting"},"foldername":{"type":"string"},"filename":{"type":"string"}},"annotations":[],"type":"Parquet","typeProperties":{"location":{"type":"AzureBlobFSLocation","fileName":{"value":"@dataset().filename","type":"Expression"},"folderPath":{"value":"@dataset().foldername","type":"Expression"},"fileSystem":"rpa-alerting"},"compressionCodec":"snappy"},"schema":[]},"dependsOn":[]}]}