{"$schema":"http://schema.management.azure.com/schemas/2015-01-01/deploymentTemplate.json#","contentVersion":"1.0.0.0","parameters":{"factoryName":{"type":"string","metadata":"Data Factory name"},"LS_ASDB_Source":{"type":"string"}},"variables":{"factoryId":"[concat('Microsoft.DataFactory/factories/', parameters('factoryName'))]"},"resources":[{"name":"[concat(parameters('factoryName'), '/deltaTableCopy')]","type":"Microsoft.DataFactory/factories/pipelines","apiVersion":"2018-06-01","properties":{"activities":[{"name":"Lookup1","type":"Lookup","dependsOn":[],"policy":{"timeout":"0.12:00:00","retry":0,"retryIntervalInSeconds":30,"secureOutput":false,"secureInput":false},"userProperties":[],"typeProperties":{"source":{"type":"AzureSqlSource","sqlReaderQuery":"SELECT tablename FROM [BPC].[adf_watermark] WHERE tablename NOT IN ('BPASessionLog_NonUnicode','BPASessionLog_Unicode');","queryTimeout":"02:00:00","partitionOption":"None"},"dataset":{"referenceName":"DS_RPA_PROD_Source","type":"DatasetReference","parameters":{}},"firstRowOnly":false}},{"name":"ForEach1","type":"ForEach","dependsOn":[{"activity":"Lookup1","dependencyConditions":["Succeeded"]}],"userProperties":[],"typeProperties":{"items":{"value":"@activity('Lookup1').output.value","type":"Expression"},"activities":[{"name":"Lookup2","type":"Lookup","dependsOn":[],"policy":{"timeout":"0.12:00:00","retry":0,"retryIntervalInSeconds":30,"secureOutput":false,"secureInput":false},"userProperties":[],"typeProperties":{"source":{"type":"AzureSqlSource","sqlReaderStoredProcedureName":"[[BPC].[aasp_getCopyDatesDelta4]","storedProcedureParameters":{"maxCount":{"type":"Int32","value":{"value":"@pipeline().globalParameters.deltabatchsize","type":"Expression"}},"tablename":{"type":"String","value":{"value":"@item().tablename","type":"Expression"}}},"queryTimeout":"02:00:00","partitionOption":"None"},"dataset":{"referenceName":"DS_RPA_PROD_Source","type":"DatasetReference","parameters":{}}}}]}}],"policy":{"elapsedTimeMetric":{}},"annotations":[],"lastPublishTime":"2024-10-31T17:49:46Z"},"dependsOn":["[concat(variables('factoryId'), '/datasets/DS_RPA_PROD_Source')]"]},{"name":"[concat(parameters('factoryName'), '/DS_RPA_PROD_Source')]","type":"Microsoft.DataFactory/factories/datasets","apiVersion":"2018-06-01","properties":{"linkedServiceName":{"referenceName":"[parameters('LS_ASDB_Source')]","type":"LinkedServiceReference"},"annotations":[],"type":"AzureSqlTable","schema":[],"typeProperties":{}},"dependsOn":[]}]}