{"$schema":"http://schema.management.azure.com/schemas/2015-01-01/deploymentTemplate.json#","contentVersion":"1.0.0.0","parameters":{"factoryName":{"type":"string","metadata":"Data Factory name"},"LS_ASDB_Source":{"type":"string"},"LS_ADLS_Sink":{"type":"string"}},"variables":{"factoryId":"[concat('Microsoft.DataFactory/factories/', parameters('factoryName'))]"},"resources":[{"name":"[concat(parameters('factoryName'), '/BPAAuditEvents_Incremental_Pipeline')]","type":"Microsoft.DataFactory/factories/pipelines","apiVersion":"2018-06-01","properties":{"activities":[{"name":"Lookup_Get_Copy_Dates","type":"Lookup","dependsOn":[],"policy":{"timeout":"0.12:00:00","retry":0,"retryIntervalInSeconds":30,"secureOutput":false,"secureInput":false},"userProperties":[],"typeProperties":{"source":{"type":"AzureSqlSource","sqlReaderStoredProcedureName":"[[BPC].[aasp_getCopyDatesBPAAuditEvents]","storedProcedureParameters":{"maxCount":{"type":"Int32","value":{"value":"@pipeline().globalParameters.auditeventsbatch","type":"Expression"}}},"queryTimeout":"02:00:00","isolationLevel":"ReadUncommitted","partitionOption":"None"},"dataset":{"referenceName":"DS_RPA_PROD_Source2","type":"DatasetReference","parameters":{}}}},{"name":"Watermark_Option_Copy","type":"Copy","dependsOn":[{"activity":"Lookup_Get_Copy_Dates","dependencyConditions":["Succeeded"]}],"policy":{"timeout":"0.12:00:00","retry":0,"retryIntervalInSeconds":30,"secureOutput":false,"secureInput":false},"userProperties":[],"typeProperties":{"source":{"type":"AzureSqlSource","sqlReaderStoredProcedureName":"BPC.aasp_CopyBPAAuditEventsDelta","storedProcedureParameters":{"maxDate":{"type":"DateTime","value":{"value":"@activity('Lookup_Get_Copy_Dates').output.firstRow.maxDate","type":"Expression"}},"minDate":{"type":"DateTime","value":{"value":"@activity('Lookup_Get_Copy_Dates').output.firstRow.minDate","type":"Expression"}}},"queryTimeout":"02:00:00","isolationLevel":"ReadUncommitted","partitionOption":"None"},"sink":{"type":"ParquetSink","storeSettings":{"type":"AzureBlobFSWriteSettings"},"formatSettings":{"type":"ParquetWriteSettings"}},"enableStaging":false,"validateDataConsistency":true,"dataIntegrationUnits":2,"translator":{"type":"TabularTranslator","typeConversion":true,"typeConversionSettings":{"allowDataTruncation":false,"treatBooleanAsNumber":false}}},"inputs":[{"referenceName":"DS_RPA_PROD_Source2","type":"DatasetReference","parameters":{}}],"outputs":[{"referenceName":"DS_AutoArchiveBPAAuditEvents_Sink","type":"DatasetReference","parameters":{"tableName":{"value":"@pipeline().globalParameters.auditevents","type":"Expression"},"containername":{"value":"@pipeline().globalParameters.containername","type":"Expression"}}}]},{"name":"Update WatermarkTable","type":"SqlServerStoredProcedure","dependsOn":[{"activity":"Watermark_Option_Copy","dependencyConditions":["Succeeded"]}],"policy":{"timeout":"0.12:00:00","retry":0,"retryIntervalInSeconds":30,"secureOutput":false,"secureInput":false},"userProperties":[],"typeProperties":{"storedProcedureName":"[[BPC].[adfsp_update_watermark_AuditEvents]","storedProcedureParameters":{"copiedDate":{"value":{"value":"@activity('Lookup_Get_Copy_Dates').output.firstRow.maxDate","type":"Expression"},"type":"DateTime"}}},"linkedServiceName":{"referenceName":"[parameters('LS_ASDB_Source')]","type":"LinkedServiceReference"}}],"policy":{"elapsedTimeMetric":{}},"folder":{"name":"AutoArchiveSolution Pipelines"},"annotations":[],"lastPublishTime":"2024-04-18T16:46:30Z"},"dependsOn":["[concat(variables('factoryId'), '/datasets/DS_RPA_PROD_Source2')]","[concat(variables('factoryId'), '/datasets/DS_AutoArchiveBPAAuditEvents_Sink')]"]},{"name":"[concat(parameters('factoryName'), '/DS_RPA_PROD_Source2')]","type":"Microsoft.DataFactory/factories/datasets","apiVersion":"2018-06-01","properties":{"linkedServiceName":{"referenceName":"[parameters('LS_ASDB_Source')]","type":"LinkedServiceReference"},"annotations":[],"type":"AzureSqlTable","schema":[],"typeProperties":{}},"dependsOn":[]},{"name":"[concat(parameters('factoryName'), '/DS_AutoArchiveBPAAuditEvents_Sink')]","type":"Microsoft.DataFactory/factories/datasets","apiVersion":"2018-06-01","properties":{"linkedServiceName":{"referenceName":"[parameters('LS_ADLS_Sink')]","type":"LinkedServiceReference"},"parameters":{"tableName":{"type":"string","defaultValue":"BPAAuditEvents"},"containername":{"type":"string","defaultValue":"rpa-autoarchive"}},"annotations":[],"type":"Parquet","typeProperties":{"location":{"type":"AzureBlobFSLocation","fileName":{"value":"@concat(formatDateTime(utcnow(),'yyyy'),'/',formatDateTime(utcnow(),'MM'),'/',dataset().tableName,'_',formatDateTime(utcnow(),'yyyy_MM_dd'),'.parquet')","type":"Expression"},"folderPath":{"value":"@dataset().tableName","type":"Expression"},"fileSystem":{"value":"@dataset().containername","type":"Expression"}},"compressionCodec":"snappy"},"schema":[]},"dependsOn":[]}]}